classe,n_mean_abs,n_rms,n_std,n_cv,n_zcr,n_p2p,n_dom_freq_hz,n_spec_centroid_hz,n_spec_bandwidth_hz,media_mean_abs,media_rms,media_std,media_cv,media_zcr,media_p2p,media_dom_freq_hz,media_spec_centroid_hz,media_spec_bandwidth_hz,mediana_mean_abs,mediana_rms,mediana_std,mediana_cv,mediana_zcr,mediana_p2p,mediana_dom_freq_hz,mediana_spec_centroid_hz,mediana_spec_bandwidth_hz,dp_mean_abs,dp_rms,dp_std,dp_cv,dp_zcr,dp_p2p,dp_dom_freq_hz,dp_spec_centroid_hz,dp_spec_bandwidth_hz,cv_mean_abs,cv_rms,cv_std,cv_cv,cv_zcr,cv_p2p,cv_dom_freq_hz,cv_spec_centroid_hz,cv_spec_bandwidth_hz,q1_mean_abs,q1_rms,q1_std,q1_cv,q1_zcr,q1_p2p,q1_dom_freq_hz,q1_spec_centroid_hz,q1_spec_bandwidth_hz,q3_mean_abs,q3_rms,q3_std,q3_cv,q3_zcr,q3_p2p,q3_dom_freq_hz,q3_spec_centroid_hz,q3_spec_bandwidth_hz,min_mean_abs,min_rms,min_std,min_cv,min_zcr,min_p2p,min_dom_freq_hz,min_spec_centroid_hz,min_spec_bandwidth_hz,max_mean_abs,max_rms,max_std,max_cv,max_zcr,max_p2p,max_dom_freq_hz,max_spec_centroid_hz,max_spec_bandwidth_hz
normal,10,10,10,10,10,10,10,10,10,0.004249625420197844,0.0054391946643590925,0.005439211660996079,1.2794979333877563,0.12793517459484122,0.1585968017578125,221.099853515625,2746.655340887673,2458.1148299540364,0.004210411570966244,0.005409402074292302,0.005409418838098645,1.2743942141532898,0.11720073250457816,0.1517486572265625,71.6552734375,2776.109467349721,2488.3134311014414,0.0001083103533801151,0.00022500089938081667,0.00022500176202909738,0.022183616331823232,0.047451146254898345,0.017346572782300198,322.719169090107,262.48546270903915,140.85764705061334,0.02548703536677184,0.04136658333910335,0.04136661267340586,0.017337750810653644,0.3708999218172149,0.10937530006935152,1.4596082446852487,0.09556548970727731,0.05730311917659567,0.004161308868788183,0.005241083214059472,0.005241099512204528,1.2623297274112701,0.10998662491640573,0.1469573974609375,65.7958984375,2723.8828736046935,2373.393091043372,0.004351669573225081,0.005625908728688955,0.005625926656648517,1.2981080114841461,0.15538222113888212,0.17118072509765625,121.3836669921875,2787.94491283587,2512.908982506616,0.0041383737698197365,0.005207803566008806,0.005207819398492575,1.2524381875991821,0.04912530703316896,0.1368408203125,36.0107421875,2164.8567776091572,2189.0845966065226,0.0044280183501541615,0.0058207400143146515,0.0058207581751048565,1.3145289421081543,0.21912636953980963,0.186767578125,945.9228515625,3105.3835829001573,2658.561404783044
